{
	"style" : "groupbox",
	"title" : "Sentinel Settings",
	"layout": [
		{
			"control": "comboBox",
			"name": "behaviour",
			"title": "Behaviour",
			"type": "int",
			"tooltip": "What direction should the Kevin go?",
			"value-default": 0,
			"elements": ["Stationary", "Circling Clockwise", "Circling Counter-clockwise", "Up & Down", "Right & Left", "Diagonal Left-down Right-up", "Diagonal Left-up Right-down"]
		},
		{
		"control" : "group",
		"title" : "",
		"name" : "..",
		"children": [	
			{
				"control": "spinBox",
				"type": "int",
				"name": "circlingRadius",
				"title": "Circling Radius",
				"tooltip": "The Circling Sentinel radius in 32x32 blocks.",
				"value-default": 5,
				"value-min": 1,
				"value-max": 7,
				"single-step": 2
			},	
			{
				"control": "spinBox",
				"type": "int",
				"name": "circleAngle",
				"title": "Starting Angle",
				"tooltip": "The starting angle of the circling sentinel.",
				"value-default": 0,
				"value-min": 0,
				"value-max": 300,
				"single-step": 30
			},	
			{
				"control": "spinBox",
				"type": "int",
				"name": "straightMovement",
				"title": "Straight Movement",
				"tooltip": "The length of the Straight-line Sentinel in 32x32 blocks.",
				"value-default": 3,
				"value-min": 1,
				"value-max": 9,
				"single-step": 1
			},	
			{
				"control": "spinBox",
				"type": "int",
				"name": "straightWait",
				"title": "Straight Wait",
				"tooltip": "The wait time of the Straight-line Sentinel in frames.",
				"value-default": 32,
				"value-min": 0,
				"value-max": 64,
				"single-step": 8
			}]
		}
	]
}

