{
	"style" : "groupbox",
	"title" : "Blue Checkered Platform Settings",
	"layout": [
		{
			"control": "comboBox",
			"name": "on",
			"title": "State",
			"type": "int",
			"tooltip": "Does the platform start On?",
			"value-default": 0,
			"elements": ["On", "Off"]
		},
		{
			"control": "spinBox",
			"type": "int",
			"name": "timer",
			"title": "Wait Time",
			"tooltip": "How many seconds does it wait before swapping?",
			"value-default": 2,
			"value-min": 1,
			"value-max": 6,
			"single-step": 1
		}
	]
}

